{
    "loglar": [
        "guard-log",
        "sağ-tık-log",
        "isim-log",
        "kayıt-log",
        "kayıtsız-log",
        "tag-log",
        "taglı-log",
        "terfi-log",
        "yetki-log",
        "rol-log",
        "mesaj-log",
        "ses-log",
        "bkes-log",
        "ban-log",
        "jail-log",
        "şüpheli-log",
        "yasaklı-tag-log",
        "mute-log",
        "sesmute-log",
        "uyarı-log",
        "yetenek-log",
        "satın-alma-log",
        "task-log",
        "senk-log",
        "site-log",
        "nsfw-log",
        "komut-log",
        "guild-log"
    ],
    "TerfiLog": "898860333400215562",
    "coinChat": ["898860351926435891"],
    "izinliKanallar": [
        "898860348071895051",
        "898860351926435891",
        "898860330803941408",
        "898860320905375774",
        "898860299640242176",
        "898860269302861824"
    ],
    "hoşgeldinKanalı": "898860299640242176",
    "kurallarKanalı": "898860309412990986",
    "toplantıKanalı": "898860344733220864",
    "chatKanalı": "898860346616479744",
    "davetKanalı": "898860275506216990",
    "publicKategorisi": "898860289108357160",
    "registerKategorisi": "898860278614208543",
    "streamerKategorisi": "898860287959138355",
    "photoChatKanalı": "898860347514056744",
    "spotifyKanalı": "898908105948168212",
    "sleepRoom": "898860431823753216",
    "ayrıkKanallar": [
        "898860431823753216",
        "898860369018232873",
        "898908197811810315"
    ]
}