{
  "KICK_MEMBERS": "Kullanıcıları Kick",
  "BAN_MEMBERS": "Kullanıcıları yasakla",
  "ADMINISTRATOR": "Yönetici",
  "MANAGE_CHANNELS": "Kanal yönetimi",
  "MANAGE_GUILD": "Lonca Yönetimi",
  "ADD_REACTIONS": "Açıklama Ekleme",
  "VIEW_AUDIT_LOG": "Denetim günlüğünü görüntüle",
  "PRIORITY_SPEAKER": "Öncelik Modu",
  "STREAM": "Aktarım",
  "VIEW_CHANNEL": "Kanalları izlemek",
  "SEND_MESSAGES": "Mesaj gönderme",
  "SEND_TTS_MESSAGES": "Sesli yönlendirme ile mesaj gönderin",
  "MANAGE_MESSAGES": "Mesaj yönetimi",
  "ATTACH_FILES": "Dosyalar ekleniyor",
  "READ_MESSAGE_HISTORY": "Mesaj geçmişlerini oku",
  "MENTION_EVERYONE": "Tümünü belirt",
  "USE_EXTERNAL_EMOJIS": "Harici Emoji Kullanma",
  "VIEW_GUILD_INSIGHTS": "Lonca Bilgilerini Görüntüle",
  "CONNECT": "Bağlantı",
  "SPEAK": "Bir ses kanalında konuşun",
  "MUTE_MEMBERS": "Tüm ses kanallarını kapat",
  "DEAFEN_MEMBERS": "Tüm ses kanallarında katılımcıları sessize alın",
  "MOVE_MEMBERS": "Katılımcıları ses kanalları arasında taşıma",
  "USE_VAD": "Ses etkinliği algılamayı kullan",
  "CHANGE_NICKNAME": "Takma ad değişikliği",
  "MANAGE_NICKNAMES": "Diğer kullanıcıların takma adlarını değiştirin",
  "MANAGE_ROLES": "Rol Yönetimi",
  "MANAGE_WEBHOOKS": "Web kancası Yönetimi",
  "MANAGE_EMOJIS_AND_STICKERS": "Emoji ve çıkartma yönetimi",
  "USE_APPLICATION_COMMANDS": "Uygulama komutlarını kullanma",
  "REQUEST_TO_SPEAK": "konuşma isteği",
  "MANAGE_THREADS": "ticaret yönetimi",
  "CREATE_PUBLIC_THREADS": "Genel dallar oluştur",
  "CREATE_PRIVATE_THREADS": "Özel dallar oluştur",
  "USE_EXTERNAL_STICKERS": "Harici çıkartmaları kullanma",
  "SEND_MESSAGES_IN_THREADS": "Konulara mesaj gönderme"
}
